SO2,NO2,CO,O3
mean,mean,mean,mean
17.459250958247775,59.074105636835505,1264.6924053159937,55.328625909765
14.943065879534565,44.20615332249601,1156.9902464065708,57.97625291467032
11.797848596851471,27.305032595117222,925.1118383527264,70.53079199463838
RAIN,TEMP,TEMP,TEMP
freq,Dingin,Optimal,Panas
5,2976,0,0
49,2712,0,0
29,2972,4,0
58,2703,161,16
112,2105,663,208
198,1564,901,415
262,966,1240,770
128,1142,1108,726
239,2352,470,58
120,2949,27,0
138,2880,0,0
14,2976,0,0